{
  "model": "SimpleCNN",
  "timestamp": "20250823_152238",
  "dataset": {
    "train_samples": 1350,
    "val_samples": 385,
    "test_samples": 200,
    "num_classes": 5,
    "class_names": [
      "crack",
      "no_defect",
      "over_extrusion",
      "under_extrusion",
      "warping"
    ]
  },
  "model_info": {
    "total_parameters": 7666341,
    "trainable_parameters": 7666341,
    "architecture": "4 conv blocks (32-64-128-256) + GAP(7x7) + FC(512,128,classes)"
  },
  "hyperparameters": {
    "batch_size": 48,
    "optimizer": "SGD",
    "momentum": 0.9,
    "weight_decay": 0.0001,
    "scheduler": "OneCycleLR",
    "max_lr": 0.1,
    "pct_start": 0.3,
    "div_factor": 25,
    "final_div_factor": 1000,
    "epochs": 100,
    "loss": "SmoothCrossEntropy (smoothing=0.1, weighted by class weights)"
  },
  "training": {
    "best_val_accuracy": 77.66233766233766,
    "final_train_accuracy": 86.14814814814815,
    "final_val_accuracy": 76.36363636363636
  },
  "test_results": {
    "overall_accuracy": 78.0,
    "per_class_accuracy": {
      "crack": 77.5,
      "no_defect": 77.5,
      "over_extrusion": 80.0,
      "under_extrusion": 67.5,
      "warping": 87.5
    }
  },
  "confusion_matrix": [
    [
      31,
      2,
      2,
      1,
      4
    ],
    [
      0,
      31,
      3,
      4,
      2
    ],
    [
      1,
      2,
      32,
      4,
      1
    ],
    [
      2,
      0,
      9,
      27,
      2
    ],
    [
      0,
      4,
      0,
      1,
      35
    ]
  ],
  "classification_report": {
    "crack": {
      "precision": 0.9117647058823529,
      "recall": 0.775,
      "f1-score": 0.8378378378378378,
      "support": 40.0
    },
    "no_defect": {
      "precision": 0.7948717948717948,
      "recall": 0.775,
      "f1-score": 0.7848101265822784,
      "support": 40.0
    },
    "over_extrusion": {
      "precision": 0.6956521739130435,
      "recall": 0.8,
      "f1-score": 0.7441860465116279,
      "support": 40.0
    },
    "under_extrusion": {
      "precision": 0.7297297297297297,
      "recall": 0.675,
      "f1-score": 0.7012987012987013,
      "support": 40.0
    },
    "warping": {
      "precision": 0.7954545454545454,
      "recall": 0.875,
      "f1-score": 0.8333333333333334,
      "support": 40.0
    },
    "accuracy": 0.78,
    "macro avg": {
      "precision": 0.7854945899702932,
      "recall": 0.78,
      "f1-score": 0.7802932091127558,
      "support": 200.0
    },
    "weighted avg": {
      "precision": 0.7854945899702933,
      "recall": 0.78,
      "f1-score": 0.7802932091127558,
      "support": 200.0
    }
  },
  "training_history": [
    {
      "epoch": 1,
      "train_loss": 1.9657677140152245,
      "train_acc": 37.148148148148145,
      "val_loss": 1.9419258170657687,
      "val_acc": 20.0,
      "lr": 0.004263256553347888
    },
    {
      "epoch": 2,
      "train_loss": 1.8030172042679369,
      "train_acc": 37.851851851851855,
      "val_loss": 1.8780763016806707,
      "val_acc": 20.0,
      "lr": 0.005050138546188146
    },
    {
      "epoch": 3,
      "train_loss": 1.7470355765861378,
      "train_acc": 38.629629629629626,
      "val_loss": 1.7470503250757854,
      "val_acc": 22.07792207792208,
      "lr": 0.006352014651798882
    },
    {
      "epoch": 4,
      "train_loss": 1.6871672680503444,
      "train_acc": 41.074074074074076,
      "val_loss": 1.6886830859714084,
      "val_acc": 32.72727272727273,
      "lr": 0.008154604561161335
    },
    {
      "epoch": 5,
      "train_loss": 1.6221827310428285,
      "train_acc": 44.22222222222222,
      "val_loss": 1.555185980266995,
      "val_acc": 43.63636363636363,
      "lr": 0.010438135623998951
    },
    {
      "epoch": 6,
      "train_loss": 1.543479929890549,
      "train_acc": 48.888888888888886,
      "val_loss": 1.5024262401792738,
      "val_acc": 43.896103896103895,
      "lr": 0.013177559735433955
    },
    {
      "epoch": 7,
      "train_loss": 1.55221062166649,
      "train_acc": 46.96296296296296,
      "val_loss": 1.4492725663714938,
      "val_acc": 48.57142857142857,
      "lr": 0.016342828089227462
    },
    {
      "epoch": 8,
      "train_loss": 1.487402411929348,
      "train_acc": 51.111111111111114,
      "val_loss": 1.5278298656145732,
      "val_acc": 43.63636363636363,
      "lr": 0.01989922078382772
    },
    {
      "epoch": 9,
      "train_loss": 1.459686093163072,
      "train_acc": 51.592592592592595,
      "val_loss": 1.4207710789309607,
      "val_acc": 46.493506493506494,
      "lr": 0.023807727665770953
    },
    {
      "epoch": 10,
      "train_loss": 1.4661774844454045,
      "train_acc": 49.592592592592595,
      "val_loss": 1.578334351380666,
      "val_acc": 47.01298701298701,
      "lr": 0.028025476232953914
    },
    {
      "epoch": 11,
      "train_loss": 1.4538671489347492,
      "train_acc": 49.81481481481482,
      "val_loss": 1.4250701301627688,
      "val_acc": 50.38961038961039,
      "lr": 0.0325062019040981
    },
    {
      "epoch": 12,
      "train_loss": 1.3759408143528722,
      "train_acc": 54.333333333333336,
      "val_loss": 1.6359718243281047,
      "val_acc": 49.61038961038961,
      "lr": 0.03720075549600839
    },
    {
      "epoch": 13,
      "train_loss": 1.3560212996968053,
      "train_acc": 53.44444444444444,
      "val_loss": 1.399596479203966,
      "val_acc": 51.688311688311686,
      "lr": 0.04205764234209673
    },
    {
      "epoch": 14,
      "train_loss": 1.332398680218479,
      "train_acc": 59.22222222222222,
      "val_loss": 1.3257564041349623,
      "val_acc": 54.54545454545455,
      "lr": 0.047023587138567226
    },
    {
      "epoch": 15,
      "train_loss": 1.2713560378342343,
      "train_acc": 55.96296296296296,
      "val_loss": 1.3459204104211595,
      "val_acc": 55.064935064935064,
      "lr": 0.05204411832245175
    },
    {
      "epoch": 16,
      "train_loss": 1.3530995783052946,
      "train_acc": 55.81481481481482,
      "val_loss": 1.3434814479615953,
      "val_acc": 60.51948051948052,
      "lr": 0.057064165571440104
    },
    {
      "epoch": 17,
      "train_loss": 1.3046043923026638,
      "train_acc": 57.111111111111114,
      "val_loss": 1.3844087455007765,
      "val_acc": 55.58441558441559,
      "lr": 0.06202866387151512
    },
    {
      "epoch": 18,
      "train_loss": 1.24502208149224,
      "train_acc": 59.851851851851855,
      "val_loss": 1.4164294136895075,
      "val_acc": 56.103896103896105,
      "lr": 0.06688315752636098
    },
    {
      "epoch": 19,
      "train_loss": 1.2719270618338334,
      "train_acc": 56.0,
      "val_loss": 1.3369754254817963,
      "val_acc": 55.58441558441559,
      "lr": 0.0715743974831517
    },
    {
      "epoch": 20,
      "train_loss": 1.2523363107129146,
      "train_acc": 64.25925925925925,
      "val_loss": 1.444148646460639,
      "val_acc": 54.8051948051948,
      "lr": 0.07605092542263926
    },
    {
      "epoch": 21,
      "train_loss": 1.253700521954319,
      "train_acc": 60.44444444444444,
      "val_loss": 1.4575028055244021,
      "val_acc": 52.20779220779221,
      "lr": 0.08026363820664388
    },
    {
      "epoch": 22,
      "train_loss": 1.174876734875796,
      "train_acc": 58.925925925925924,
      "val_loss": 1.3293292555544112,
      "val_acc": 63.63636363636363,
      "lr": 0.08416632649150882
    },
    {
      "epoch": 23,
      "train_loss": 1.160970229851572,
      "train_acc": 63.111111111111114,
      "val_loss": 1.402353631125556,
      "val_acc": 58.18181818181818,
      "lr": 0.08771618159945638
    },
    {
      "epoch": 24,
      "train_loss": 1.1359331597361648,
      "train_acc": 63.148148148148145,
      "val_loss": 1.2697644498613145,
      "val_acc": 62.5974025974026,
      "lr": 0.09087426508796143
    },
    {
      "epoch": 25,
      "train_loss": 1.1659203694577802,
      "train_acc": 61.666666666666664,
      "val_loss": 1.3848353425661724,
      "val_acc": 60.77922077922078,
      "lr": 0.09360593586642531
    },
    {
      "epoch": 26,
      "train_loss": 1.0922880204100358,
      "train_acc": 62.407407407407405,
      "val_loss": 1.3204276031917996,
      "val_acc": 60.25974025974026,
      "lr": 0.09588123017509718
    },
    {
      "epoch": 27,
      "train_loss": 1.1346570619365626,
      "train_acc": 62.370370370370374,
      "val_loss": 1.2746158341566722,
      "val_acc": 61.03896103896104,
      "lr": 0.0976751902582457
    },
    {
      "epoch": 28,
      "train_loss": 1.0538791909552456,
      "train_acc": 72.33333333333333,
      "val_loss": 1.3187098734908633,
      "val_acc": 61.298701298701296,
      "lr": 0.09896813812635694
    },
    {
      "epoch": 29,
      "train_loss": 0.9944236749096921,
      "train_acc": 64.96296296296296,
      "val_loss": 1.279089954164293,
      "val_acc": 61.03896103896104,
      "lr": 0.09974589140445521
    },
    {
      "epoch": 30,
      "train_loss": 0.998345272582874,
      "train_acc": 71.51851851851852,
      "val_loss": 1.441260490152571,
      "val_acc": 60.0,
      "lr": 0.09999998450196748
    },
    {
      "epoch": 31,
      "train_loss": 1.0127518051549007,
      "train_acc": 71.70370370370371,
      "val_loss": 1.2560390366448297,
      "val_acc": 65.71428571428571,
      "lr": 0.09994787367593681
    },
    {
      "epoch": 32,
      "train_loss": 1.0671158610728748,
      "train_acc": 71.92592592592592,
      "val_loss": 1.230266918738683,
      "val_acc": 62.077922077922075,
      "lr": 0.099795178507251
    },
    {
      "epoch": 33,
      "train_loss": 1.0235451438970733,
      "train_acc": 67.81481481481481,
      "val_loss": 1.3225401937961578,
      "val_acc": 65.71428571428571,
      "lr": 0.0995422065036587
    },
    {
      "epoch": 34,
      "train_loss": 0.9078821309825831,
      "train_acc": 71.4074074074074,
      "val_loss": 1.2741581632031336,
      "val_acc": 65.71428571428571,
      "lr": 0.09918946711710898
    },
    {
      "epoch": 35,
      "train_loss": 0.9855704621264809,
      "train_acc": 69.55555555555556,
      "val_loss": 1.2822925978236728,
      "val_acc": 63.63636363636363,
      "lr": 0.09873767071778286
    },
    {
      "epoch": 36,
      "train_loss": 0.896110921575312,
      "train_acc": 73.66666666666667,
      "val_loss": 1.2021488679779901,
      "val_acc": 66.23376623376623,
      "lr": 0.0981877271635023
    },
    {
      "epoch": 37,
      "train_loss": 0.9405116093786139,
      "train_acc": 72.25925925925925,
      "val_loss": 1.2303683393531375,
      "val_acc": 67.01298701298701,
      "lr": 0.09754074396739774
    },
    {
      "epoch": 38,
      "train_loss": 1.0536238864848488,
      "train_acc": 65.62962962962963,
      "val_loss": 1.2171588109599218,
      "val_acc": 68.05194805194805,
      "lr": 0.09679802406752386
    },
    {
      "epoch": 39,
      "train_loss": 0.8350385709812767,
      "train_acc": 74.85185185185185,
      "val_loss": 1.267287078830931,
      "val_acc": 67.01298701298701,
      "lr": 0.09596106320291592
    },
    {
      "epoch": 40,
      "train_loss": 0.8367193790904263,
      "train_acc": 69.03703703703704,
      "val_loss": 1.235919217268626,
      "val_acc": 66.75324675324676,
      "lr": 0.09503154690137028
    },
    {
      "epoch": 41,
      "train_loss": 0.892416284795393,
      "train_acc": 73.33333333333333,
      "val_loss": 1.2297978003819783,
      "val_acc": 66.49350649350649,
      "lr": 0.09401134708501577
    },
    {
      "epoch": 42,
      "train_loss": 0.8412179225369504,
      "train_acc": 70.88888888888889,
      "val_loss": 1.3054919905132718,
      "val_acc": 68.31168831168831,
      "lr": 0.09290251830051166
    },
    {
      "epoch": 43,
      "train_loss": 0.8887795575878077,
      "train_acc": 70.48148148148148,
      "val_loss": 1.1787972185346816,
      "val_acc": 67.79220779220779,
      "lr": 0.09170729358146411
    },
    {
      "epoch": 44,
      "train_loss": 0.8478919152627912,
      "train_acc": 79.11111111111111,
      "val_loss": 1.2189042965571086,
      "val_acc": 68.05194805194805,
      "lr": 0.0904280799513936
    },
    {
      "epoch": 45,
      "train_loss": 0.8619088530540466,
      "train_acc": 68.22222222222223,
      "val_loss": 1.2846260733074613,
      "val_acc": 65.45454545454545,
      "lr": 0.08906745357631
    },
    {
      "epoch": 46,
      "train_loss": 0.8975600432931331,
      "train_acc": 69.44444444444444,
      "val_loss": 1.2346612082587347,
      "val_acc": 63.896103896103895,
      "lr": 0.08762815457665699
    },
    {
      "epoch": 47,
      "train_loss": 0.887379200834977,
      "train_acc": 73.44444444444444,
      "val_loss": 1.2475288245413039,
      "val_acc": 68.57142857142857,
      "lr": 0.08611308150907417
    },
    {
      "epoch": 48,
      "train_loss": 0.870894475987083,
      "train_acc": 71.07407407407408,
      "val_loss": 1.3010577989949121,
      "val_acc": 67.01298701298701,
      "lr": 0.08452528552908975
    },
    {
      "epoch": 49,
      "train_loss": 0.8283286031923796,
      "train_acc": 75.03703703703704,
      "val_loss": 1.2395415869024065,
      "val_acc": 65.97402597402598,
      "lr": 0.08286796424649936
    },
    {
      "epoch": 50,
      "train_loss": 0.7892213401041532,
      "train_acc": 73.92592592592592,
      "val_loss": 1.2597969704204135,
      "val_acc": 71.94805194805195,
      "lr": 0.08114445528580545
    },
    {
      "epoch": 51,
      "train_loss": 0.6997728211837903,
      "train_acc": 80.48148148148148,
      "val_loss": 1.3532180388768513,
      "val_acc": 70.64935064935065,
      "lr": 0.07935822956468576
    },
    {
      "epoch": 52,
      "train_loss": 0.7488890373915956,
      "train_acc": 77.55555555555556,
      "val_loss": 1.2414984835518732,
      "val_acc": 72.72727272727273,
      "lr": 0.07751288430402702
    },
    {
      "epoch": 53,
      "train_loss": 0.717688074237422,
      "train_acc": 78.88888888888889,
      "val_loss": 1.2196011477046542,
      "val_acc": 71.16883116883118,
      "lr": 0.07561213578360076
    },
    {
      "epoch": 54,
      "train_loss": 0.773133955503765,
      "train_acc": 74.44444444444444,
      "val_loss": 1.2728612058692508,
      "val_acc": 69.0909090909091,
      "lr": 0.07365981185797055
    },
    {
      "epoch": 55,
      "train_loss": 0.7477538585662842,
      "train_acc": 77.77777777777777,
      "val_loss": 1.2853102717134688,
      "val_acc": 70.3896103896104,
      "lr": 0.0716598442477022
    },
    {
      "epoch": 56,
      "train_loss": 0.7270232177617257,
      "train_acc": 80.14814814814815,
      "val_loss": 1.2776460945606232,
      "val_acc": 69.6103896103896,
      "lr": 0.06961626062140183
    },
    {
      "epoch": 57,
      "train_loss": 0.81608664623478,
      "train_acc": 73.5925925925926,
      "val_loss": 1.2802454895443387,
      "val_acc": 71.16883116883118,
      "lr": 0.06753317648452735
    },
    {
      "epoch": 58,
      "train_loss": 0.883035233146266,
      "train_acc": 68.85185185185185,
      "val_loss": 1.3037579854329426,
      "val_acc": 71.68831168831169,
      "lr": 0.06541478689130807
    },
    {
      "epoch": 59,
      "train_loss": 0.8107280208353411,
      "train_acc": 69.0,
      "val_loss": 1.1804066995779674,
      "val_acc": 71.42857142857143,
      "lr": 0.0632653579964639
    },
    {
      "epoch": 60,
      "train_loss": 0.7759032197165907,
      "train_acc": 75.4074074074074,
      "val_loss": 1.3312822878360748,
      "val_acc": 71.42857142857143,
      "lr": 0.06108921846373741
    },
    {
      "epoch": 61,
      "train_loss": 0.7819534043471018,
      "train_acc": 77.22222222222223,
      "val_loss": 1.2817469437917073,
      "val_acc": 70.3896103896104,
      "lr": 0.05889075074854114
    },
    {
      "epoch": 62,
      "train_loss": 0.7448137826041171,
      "train_acc": 85.07407407407408,
      "val_loss": 1.1852866775459714,
      "val_acc": 72.98701298701299,
      "lr": 0.05667438227227563
    },
    {
      "epoch": 63,
      "train_loss": 0.6528428296248118,
      "train_acc": 85.03703703703704,
      "val_loss": 1.2259486648771498,
      "val_acc": 71.16883116883118,
      "lr": 0.05444457650609193
    },
    {
      "epoch": 64,
      "train_loss": 0.7665069416949624,
      "train_acc": 82.4074074074074,
      "val_loss": 1.2262747188409169,
      "val_acc": 70.3896103896104,
      "lr": 0.052205823982054735
    },
    {
      "epoch": 65,
      "train_loss": 0.7058855274267364,
      "train_acc": 82.55555555555556,
      "val_loss": 1.2470208638244205,
      "val_acc": 72.46753246753246,
      "lr": 0.049962633249808354
    },
    {
      "epoch": 66,
      "train_loss": 0.6427903703430242,
      "train_acc": 84.66666666666667,
      "val_loss": 1.1416304773754544,
      "val_acc": 75.06493506493507,
      "lr": 0.047719521796957834
    },
    {
      "epoch": 67,
      "train_loss": 0.6651706496874491,
      "train_acc": 78.92592592592592,
      "val_loss": 1.2278145915932126,
      "val_acc": 70.64935064935065,
      "lr": 0.045481006951450034
    },
    {
      "epoch": 68,
      "train_loss": 0.7944048643112183,
      "train_acc": 73.33333333333333,
      "val_loss": 1.1861129535569086,
      "val_acc": 71.16883116883118,
      "lr": 0.0432515967842764
    },
    {
      "epoch": 69,
      "train_loss": 0.6056433414158068,
      "train_acc": 77.4074074074074,
      "val_loss": 1.2705148458480835,
      "val_acc": 72.20779220779221,
      "lr": 0.041035781030817786
    },
    {
      "epoch": 70,
      "train_loss": 0.6676953821851496,
      "train_acc": 85.92592592592592,
      "val_loss": 1.1410076816876729,
      "val_acc": 73.50649350649351,
      "lr": 0.03883802204911514
    },
    {
      "epoch": 71,
      "train_loss": 0.8252059195125312,
      "train_acc": 75.18518518518519,
      "val_loss": 1.1211123433378007,
      "val_acc": 73.50649350649351,
      "lr": 0.036662745833274016
    },
    {
      "epoch": 72,
      "train_loss": 0.6711268456358659,
      "train_acc": 82.44444444444444,
      "val_loss": 1.0915163821644254,
      "val_acc": 75.58441558441558,
      "lr": 0.034514333100101685
    },
    {
      "epoch": 73,
      "train_loss": 0.6532112203146282,
      "train_acc": 76.81481481481481,
      "val_loss": 1.1821515096558466,
      "val_acc": 70.64935064935065,
      "lr": 0.03239711046692629
    },
    {
      "epoch": 74,
      "train_loss": 0.7403757849283386,
      "train_acc": 75.0,
      "val_loss": 1.1709062390857272,
      "val_acc": 72.72727272727273,
      "lr": 0.03031534173836554
    },
    {
      "epoch": 75,
      "train_loss": 0.6577484795921728,
      "train_acc": 73.25925925925925,
      "val_loss": 1.1656374004152086,
      "val_acc": 75.32467532467533,
      "lr": 0.02827321931959148
    },
    {
      "epoch": 76,
      "train_loss": 0.69260454282426,
      "train_acc": 78.77777777777777,
      "val_loss": 1.1464863353305392,
      "val_acc": 74.8051948051948,
      "lr": 0.02627485577338447
    },
    {
      "epoch": 77,
      "train_loss": 0.639694298045677,
      "train_acc": 79.77777777777777,
      "val_loss": 1.162279831038581,
      "val_acc": 74.8051948051948,
      "lr": 0.024324275537979157
    },
    {
      "epoch": 78,
      "train_loss": 0.6040690452383276,
      "train_acc": 85.44444444444444,
      "val_loss": 1.1446411311626434,
      "val_acc": 75.06493506493507,
      "lr": 0.022425406822381238
    },
    {
      "epoch": 79,
      "train_loss": 0.6483845532986156,
      "train_acc": 82.92592592592592,
      "val_loss": 1.1550894975662231,
      "val_acc": 75.32467532467533,
      "lr": 0.02058207369547755
    },
    {
      "epoch": 80,
      "train_loss": 0.715136470501883,
      "train_acc": 75.07407407407408,
      "val_loss": 1.1710162891281977,
      "val_acc": 71.42857142857143,
      "lr": 0.018797988384869988
    },
    {
      "epoch": 81,
      "train_loss": 0.6456994210418902,
      "train_acc": 81.51851851851852,
      "val_loss": 1.1159424251980252,
      "val_acc": 72.98701298701299,
      "lr": 0.017076743800943418
    },
    {
      "epoch": 82,
      "train_loss": 0.7222364241616768,
      "train_acc": 74.37037037037037,
      "val_loss": 1.1958765321307712,
      "val_acc": 74.8051948051948,
      "lr": 0.01542180630122205
    },
    {
      "epoch": 83,
      "train_loss": 0.7020454391052848,
      "train_acc": 71.44444444444444,
      "val_loss": 1.1445588370164235,
      "val_acc": 73.24675324675324,
      "lr": 0.013836508709586946
    },
    {
      "epoch": 84,
      "train_loss": 0.5904165830528527,
      "train_acc": 82.55555555555556,
      "val_loss": 1.1342333257198334,
      "val_acc": 75.06493506493507,
      "lr": 0.012324043604412055
    },
    {
      "epoch": 85,
      "train_loss": 0.6776127428339239,
      "train_acc": 77.77777777777777,
      "val_loss": 1.1546239455540974,
      "val_acc": 75.58441558441558,
      "lr": 0.01088745688913638
    },
    {
      "epoch": 86,
      "train_loss": 0.6119270434505061,
      "train_acc": 79.74074074074075,
      "val_loss": 1.124321699142456,
      "val_acc": 75.06493506493507,
      "lr": 0.009529641658219753
    },
    {
      "epoch": 87,
      "train_loss": 0.7564498390022077,
      "train_acc": 75.92592592592592,
      "val_loss": 1.0952954490979512,
      "val_acc": 75.58441558441558,
      "lr": 0.008253332370835587
    },
    {
      "epoch": 88,
      "train_loss": 0.5748389457401476,
      "train_acc": 80.74074074074075,
      "val_loss": 1.1395989523993597,
      "val_acc": 75.32467532467533,
      "lr": 0.00706109934403412
    },
    {
      "epoch": 89,
      "train_loss": 0.7290693892721545,
      "train_acc": 82.85185185185185,
      "val_loss": 1.1167626049783494,
      "val_acc": 75.06493506493507,
      "lr": 0.005955343576465784
    },
    {
      "epoch": 90,
      "train_loss": 0.6455767186064469,
      "train_acc": 82.33333333333333,
      "val_loss": 1.1274038354555767,
      "val_acc": 76.62337662337663,
      "lr": 0.00493829191308962
    },
    {
      "epoch": 91,
      "train_loss": 0.6030169526735941,
      "train_acc": 82.25925925925925,
      "val_loss": 1.1424711677763197,
      "val_acc": 75.84415584415585,
      "lr": 0.004011992560603716
    },
    {
      "epoch": 92,
      "train_loss": 0.6132423945686274,
      "train_acc": 76.92592592592592,
      "val_loss": 1.103987584511439,
      "val_acc": 75.32467532467533,
      "lr": 0.003178310962629662
    },
    {
      "epoch": 93,
      "train_loss": 0.6951097004246294,
      "train_acc": 74.11111111111111,
      "val_loss": 1.1311793824036915,
      "val_acc": 75.32467532467533,
      "lr": 0.002438926042957207
    },
    {
      "epoch": 94,
      "train_loss": 0.6429366824919718,
      "train_acc": 82.74074074074075,
      "val_loss": 1.106033119890425,
      "val_acc": 75.58441558441558,
      "lr": 0.0017953268244153028
    },
    {
      "epoch": 95,
      "train_loss": 0.6858627728202886,
      "train_acc": 84.22222222222223,
      "val_loss": 1.0998148653242323,
      "val_acc": 75.84415584415585,
      "lr": 0.0012488094301782084
    },
    {
      "epoch": 96,
      "train_loss": 0.6522110507153628,
      "train_acc": 80.18518518518519,
      "val_loss": 1.1205710371335347,
      "val_acc": 76.1038961038961,
      "lr": 0.0008004744735459498
    },
    {
      "epoch": 97,
      "train_loss": 0.5876231360853764,
      "train_acc": 85.74074074074075,
      "val_loss": 1.1257949040995703,
      "val_acc": 76.62337662337663,
      "lr": 0.0004512248414555909
    },
    {
      "epoch": 98,
      "train_loss": 0.5630424566436232,
      "train_acc": 91.96296296296296,
      "val_loss": 1.1074363026354048,
      "val_acc": 76.36363636363636,
      "lr": 0.00020176387618709365
    },
    {
      "epoch": 99,
      "train_loss": 0.6524846491060758,
      "train_acc": 84.29629629629629,
      "val_loss": 1.112006687455707,
      "val_acc": 77.66233766233766,
      "lr": 5.2593958925595094e-05
    },
    {
      "epoch": 100,
      "train_loss": 0.6585278359421513,
      "train_acc": 86.14814814814815,
      "val_loss": 1.1182936429977417,
      "val_acc": 76.36363636363636,
      "lr": 4.015498032531975e-06
    }
  ]
}