{
    "model": "ResNet34",
    "timestamp": "20250825_120517",
    "dataset": {
        "train_samples": 1350,
        "val_samples": 385,
        "test_samples": 200,
        "num_classes": 5,
        "class_names": [
            "crack",
            "no_defect",
            "over_extrusion",
            "under_extrusion",
            "warping"
        ],
        "class_distribution": {
            "0": 270,
            "1": 270,
            "2": 270,
            "3": 270,
            "4": 270
        }
    },
    "model_info": {
        "total_parameters": 21417797,
        "trainable_parameters": 20079429
    },
    "training": {
        "num_epochs": 150,
        "batch_size": 32,
        "best_val_accuracy": 85.97402597402598,
        "final_train_accuracy": 81.62962962962963,
        "final_val_accuracy": 85.1948051948052
    },
    "test_results": {
        "clean_accuracy": 84.5,
        "noise_robustness": {
            "noise_std_0.0": 84.5,
            "noise_std_0.05": 83.5,
            "noise_std_0.1": 83.5,
            "noise_std_0.15": 79.0,
            "noise_std_0.2": 76.0,
            "noise_std_0.25": 74.0
        }
    },
    "confusion_matrix": [
        [
            37,
            0,
            1,
            1,
            1
        ],
        [
            1,
            33,
            2,
            3,
            1
        ],
        [
            1,
            1,
            29,
            9,
            0
        ],
        [
            1,
            0,
            7,
            31,
            1
        ],
        [
            1,
            0,
            0,
            0,
            39
        ]
    ],
    "classification_report": {
        "crack": {
            "precision": 0.9024390243902439,
            "recall": 0.925,
            "f1-score": 0.9135802469135802,
            "support": 40.0
        },
        "no_defect": {
            "precision": 0.9705882352941176,
            "recall": 0.825,
            "f1-score": 0.8918918918918919,
            "support": 40.0
        },
        "over_extrusion": {
            "precision": 0.7435897435897436,
            "recall": 0.725,
            "f1-score": 0.7341772151898734,
            "support": 40.0
        },
        "under_extrusion": {
            "precision": 0.7045454545454546,
            "recall": 0.775,
            "f1-score": 0.7380952380952381,
            "support": 40.0
        },
        "warping": {
            "precision": 0.9285714285714286,
            "recall": 0.975,
            "f1-score": 0.9512195121951219,
            "support": 40.0
        },
        "accuracy": 0.845,
        "macro avg": {
            "precision": 0.8499467772781977,
            "recall": 0.845,
            "f1-score": 0.845792820857141,
            "support": 200.0
        },
        "weighted avg": {
            "precision": 0.8499467772781977,
            "recall": 0.845,
            "f1-score": 0.8457928208571411,
            "support": 200.0
        }
    },
    "training_history": [
        {
            "epoch": 1,
            "train_loss": 1.4547712220969025,
            "train_acc": 36.592592592592595,
            "val_loss": 1.0251469287005337,
            "val_acc": 63.63636363636363,
            "lr": 9.755282581475769e-05
        },
        {
            "epoch": 2,
            "train_loss": 1.0571206921118277,
            "train_acc": 56.074074074074076,
            "val_loss": 0.8775176354429939,
            "val_acc": 68.83116883116882,
            "lr": 9.045084971874738e-05
        },
        {
            "epoch": 3,
            "train_loss": 0.9583856398970992,
            "train_acc": 59.925925925925924,
            "val_loss": 0.8862918314995704,
            "val_acc": 71.68831168831169,
            "lr": 7.938926261462366e-05
        },
        {
            "epoch": 4,
            "train_loss": 0.8783442857971898,
            "train_acc": 66.51851851851852,
            "val_loss": 0.7778292573891676,
            "val_acc": 76.88311688311688,
            "lr": 6.545084971874738e-05
        },
        {
            "epoch": 5,
            "train_loss": 0.7839268045955234,
            "train_acc": 61.25925925925926,
            "val_loss": 0.7417990043178782,
            "val_acc": 76.1038961038961,
            "lr": 5e-05
        },
        {
            "epoch": 6,
            "train_loss": 0.7206379362388894,
            "train_acc": 75.4074074074074,
            "val_loss": 0.7362819703368397,
            "val_acc": 77.14285714285714,
            "lr": 3.4549150281252636e-05
        },
        {
            "epoch": 7,
            "train_loss": 0.6572738718103479,
            "train_acc": 75.55555555555556,
            "val_loss": 0.7397450366190501,
            "val_acc": 78.96103896103897,
            "lr": 2.061073738537635e-05
        },
        {
            "epoch": 8,
            "train_loss": 0.6219432957967123,
            "train_acc": 75.62962962962963,
            "val_loss": 0.7571305323730816,
            "val_acc": 79.48051948051948,
            "lr": 9.549150281252633e-06
        },
        {
            "epoch": 9,
            "train_loss": 0.6424188221825494,
            "train_acc": 76.07407407407408,
            "val_loss": 0.716606170906649,
            "val_acc": 79.48051948051948,
            "lr": 2.4471741852423237e-06
        },
        {
            "epoch": 10,
            "train_loss": 0.6070284235918963,
            "train_acc": 72.0,
            "val_loss": 0.7357717953332059,
            "val_acc": 78.7012987012987,
            "lr": 0.0001
        },
        {
            "epoch": 11,
            "train_loss": 0.6642411043025829,
            "train_acc": 70.5925925925926,
            "val_loss": 0.7840064301119223,
            "val_acc": 76.62337662337663,
            "lr": 9.938441702975689e-05
        },
        {
            "epoch": 12,
            "train_loss": 0.6297334978315565,
            "train_acc": 72.74074074074075,
            "val_loss": 0.8031221557747233,
            "val_acc": 78.96103896103897,
            "lr": 9.755282581475769e-05
        },
        {
            "epoch": 13,
            "train_loss": 0.7290452896224128,
            "train_acc": 71.85185185185185,
            "val_loss": 0.8318653589719301,
            "val_acc": 75.58441558441558,
            "lr": 9.45503262094184e-05
        },
        {
            "epoch": 14,
            "train_loss": 0.594657296427974,
            "train_acc": 71.85185185185185,
            "val_loss": 0.7598800327096666,
            "val_acc": 78.18181818181819,
            "lr": 9.045084971874738e-05
        },
        {
            "epoch": 15,
            "train_loss": 0.581767759764636,
            "train_acc": 75.18518518518519,
            "val_loss": 0.7261055659938168,
            "val_acc": 81.55844155844156,
            "lr": 8.535533905932738e-05
        },
        {
            "epoch": 16,
            "train_loss": 0.5607745721605089,
            "train_acc": 75.92592592592592,
            "val_loss": 0.7923401815937711,
            "val_acc": 80.0,
            "lr": 7.938926261462366e-05
        },
        {
            "epoch": 17,
            "train_loss": 0.6490489762359195,
            "train_acc": 71.03703703703704,
            "val_loss": 0.6886889112460148,
            "val_acc": 81.2987012987013,
            "lr": 7.269952498697734e-05
        },
        {
            "epoch": 18,
            "train_loss": 0.5692773822501853,
            "train_acc": 69.33333333333333,
            "val_loss": 0.7269255602514589,
            "val_acc": 81.2987012987013,
            "lr": 6.545084971874738e-05
        },
        {
            "epoch": 19,
            "train_loss": 0.5441880018181271,
            "train_acc": 75.77777777777777,
            "val_loss": 0.682301323406108,
            "val_acc": 82.33766233766234,
            "lr": 5.782172325201155e-05
        },
        {
            "epoch": 20,
            "train_loss": 0.443752116450557,
            "train_acc": 82.07407407407408,
            "val_loss": 0.7362909736571374,
            "val_acc": 82.85714285714286,
            "lr": 5e-05
        },
        {
            "epoch": 21,
            "train_loss": 0.5273986565625226,
            "train_acc": 78.14814814814815,
            "val_loss": 0.6987800154593083,
            "val_acc": 81.55844155844156,
            "lr": 4.217827674798847e-05
        },
        {
            "epoch": 22,
            "train_loss": 0.5474103482564291,
            "train_acc": 78.0,
            "val_loss": 0.704593002176904,
            "val_acc": 82.33766233766234,
            "lr": 3.4549150281252636e-05
        },
        {
            "epoch": 23,
            "train_loss": 0.4949774216281043,
            "train_acc": 77.18518518518519,
            "val_loss": 0.7116287061146327,
            "val_acc": 82.33766233766234,
            "lr": 2.7300475013022663e-05
        },
        {
            "epoch": 24,
            "train_loss": 0.48031631037040995,
            "train_acc": 83.18518518518519,
            "val_loss": 0.7039660253308037,
            "val_acc": 82.07792207792208,
            "lr": 2.061073738537635e-05
        },
        {
            "epoch": 25,
            "train_loss": 0.5068512280782064,
            "train_acc": 74.44444444444444,
            "val_loss": 0.701484396008702,
            "val_acc": 82.07792207792208,
            "lr": 1.4644660940672627e-05
        },
        {
            "epoch": 26,
            "train_loss": 0.5475004128173545,
            "train_acc": 80.74074074074075,
            "val_loss": 0.696703193559275,
            "val_acc": 81.81818181818181,
            "lr": 9.549150281252633e-06
        },
        {
            "epoch": 27,
            "train_loss": 0.4828489232946325,
            "train_acc": 81.03703703703704,
            "val_loss": 0.699345204814688,
            "val_acc": 81.2987012987013,
            "lr": 5.449673790581611e-06
        },
        {
            "epoch": 28,
            "train_loss": 0.39875931157006156,
            "train_acc": 84.51851851851852,
            "val_loss": 0.6882093864214884,
            "val_acc": 83.37662337662337,
            "lr": 2.4471741852423237e-06
        },
        {
            "epoch": 29,
            "train_loss": 0.5118062704580801,
            "train_acc": 73.25925925925925,
            "val_loss": 0.6792651168711774,
            "val_acc": 81.81818181818181,
            "lr": 6.15582970243117e-07
        },
        {
            "epoch": 30,
            "train_loss": 0.4146270541791563,
            "train_acc": 77.55555555555556,
            "val_loss": 0.6962841190300979,
            "val_acc": 82.59740259740259,
            "lr": 0.0001
        },
        {
            "epoch": 31,
            "train_loss": 0.44547195699479847,
            "train_acc": 81.85185185185185,
            "val_loss": 0.7857763848521493,
            "val_acc": 80.51948051948052,
            "lr": 9.98458666866564e-05
        },
        {
            "epoch": 32,
            "train_loss": 0.4615192625257704,
            "train_acc": 86.44444444444444,
            "val_loss": 0.7449250605199245,
            "val_acc": 82.85714285714286,
            "lr": 9.938441702975689e-05
        },
        {
            "epoch": 33,
            "train_loss": 0.48144252132486415,
            "train_acc": 70.44444444444444,
            "val_loss": 0.8089592718458795,
            "val_acc": 78.96103896103897,
            "lr": 9.861849601988383e-05
        },
        {
            "epoch": 34,
            "train_loss": 0.5127428294994213,
            "train_acc": 77.18518518518519,
            "val_loss": 0.8474876735117528,
            "val_acc": 80.25974025974025,
            "lr": 9.755282581475769e-05
        },
        {
            "epoch": 35,
            "train_loss": 0.529157340614884,
            "train_acc": 71.25925925925925,
            "val_loss": 0.7821250023779931,
            "val_acc": 81.03896103896103,
            "lr": 9.619397662556435e-05
        },
        {
            "epoch": 36,
            "train_loss": 0.6012976844222457,
            "train_acc": 73.77777777777777,
            "val_loss": 0.7287859076029295,
            "val_acc": 82.33766233766234,
            "lr": 9.45503262094184e-05
        },
        {
            "epoch": 37,
            "train_loss": 0.4613373701660721,
            "train_acc": 79.03703703703704,
            "val_loss": 0.7479541078790441,
            "val_acc": 80.25974025974025,
            "lr": 9.263200821770461e-05
        },
        {
            "epoch": 38,
            "train_loss": 0.5031576330573471,
            "train_acc": 76.29629629629629,
            "val_loss": 0.8042611657799065,
            "val_acc": 80.25974025974025,
            "lr": 9.045084971874738e-05
        },
        {
            "epoch": 39,
            "train_loss": 0.6167947269810571,
            "train_acc": 70.37037037037037,
            "val_loss": 0.6983644430513506,
            "val_acc": 83.11688311688312,
            "lr": 8.802029828000156e-05
        },
        {
            "epoch": 40,
            "train_loss": 0.5681214111822622,
            "train_acc": 73.70370370370371,
            "val_loss": 0.6892588441635107,
            "val_acc": 81.81818181818181,
            "lr": 8.535533905932738e-05
        },
        {
            "epoch": 41,
            "train_loss": 0.46497124919184935,
            "train_acc": 78.07407407407408,
            "val_loss": 0.7131069493758214,
            "val_acc": 82.85714285714286,
            "lr": 8.247240241650919e-05
        },
        {
            "epoch": 42,
            "train_loss": 0.48767828702926636,
            "train_acc": 73.85185185185185,
            "val_loss": 0.7404003458363669,
            "val_acc": 82.85714285714286,
            "lr": 7.938926261462366e-05
        },
        {
            "epoch": 43,
            "train_loss": 0.4870110452616656,
            "train_acc": 76.44444444444444,
            "val_loss": 0.700382972034541,
            "val_acc": 83.63636363636364,
            "lr": 7.612492823579745e-05
        },
        {
            "epoch": 44,
            "train_loss": 0.4627841346352189,
            "train_acc": 81.92592592592592,
            "val_loss": 0.7027307598234771,
            "val_acc": 83.8961038961039,
            "lr": 7.269952498697734e-05
        },
        {
            "epoch": 45,
            "train_loss": 0.37536024151024994,
            "train_acc": 80.74074074074075,
            "val_loss": 0.7204793638223177,
            "val_acc": 82.85714285714286,
            "lr": 6.91341716182545e-05
        },
        {
            "epoch": 46,
            "train_loss": 0.3491585136342932,
            "train_acc": 82.22222222222223,
            "val_loss": 0.7627622158496411,
            "val_acc": 82.33766233766234,
            "lr": 6.545084971874738e-05
        },
        {
            "epoch": 47,
            "train_loss": 0.5702496747617368,
            "train_acc": 73.4074074074074,
            "val_loss": 0.7323964744419247,
            "val_acc": 81.81818181818181,
            "lr": 6.167226819279528e-05
        },
        {
            "epoch": 48,
            "train_loss": 0.5185380048222012,
            "train_acc": 81.85185185185185,
            "val_loss": 0.7316360654769005,
            "val_acc": 81.2987012987013,
            "lr": 5.782172325201155e-05
        },
        {
            "epoch": 49,
            "train_loss": 0.4900930387885482,
            "train_acc": 80.66666666666667,
            "val_loss": 0.7063484260014126,
            "val_acc": 84.41558441558442,
            "lr": 5.392295478639225e-05
        },
        {
            "epoch": 50,
            "train_loss": 0.46946174444975675,
            "train_acc": 78.22222222222223,
            "val_loss": 0.727013964776869,
            "val_acc": 84.15584415584415,
            "lr": 5e-05
        },
        {
            "epoch": 51,
            "train_loss": 0.42038569498945166,
            "train_acc": 84.51851851851852,
            "val_loss": 0.731874721700495,
            "val_acc": 83.63636363636364,
            "lr": 4.607704521360776e-05
        },
        {
            "epoch": 52,
            "train_loss": 0.4785824614100986,
            "train_acc": 82.0,
            "val_loss": 0.7219597359756371,
            "val_acc": 82.85714285714286,
            "lr": 4.217827674798847e-05
        },
        {
            "epoch": 53,
            "train_loss": 0.5117182734277513,
            "train_acc": 79.85185185185185,
            "val_loss": 0.7266867371348592,
            "val_acc": 83.37662337662337,
            "lr": 3.8327731807204733e-05
        },
        {
            "epoch": 54,
            "train_loss": 0.5011727364857992,
            "train_acc": 82.88888888888889,
            "val_loss": 0.7655832847217461,
            "val_acc": 82.33766233766234,
            "lr": 3.4549150281252636e-05
        },
        {
            "epoch": 55,
            "train_loss": 0.3532342430397316,
            "train_acc": 79.03703703703704,
            "val_loss": 0.7219541201343784,
            "val_acc": 84.93506493506493,
            "lr": 3.086582838174551e-05
        },
        {
            "epoch": 56,
            "train_loss": 0.4264330867484764,
            "train_acc": 82.22222222222223,
            "val_loss": 0.708834181861444,
            "val_acc": 84.41558441558442,
            "lr": 2.7300475013022663e-05
        },
        {
            "epoch": 57,
            "train_loss": 0.49844847785102,
            "train_acc": 68.51851851851852,
            "val_loss": 0.7061758314634299,
            "val_acc": 84.15584415584415,
            "lr": 2.3875071764202563e-05
        },
        {
            "epoch": 58,
            "train_loss": 0.45315105455893057,
            "train_acc": 79.11111111111111,
            "val_loss": 0.6991061804356513,
            "val_acc": 85.1948051948052,
            "lr": 2.061073738537635e-05
        },
        {
            "epoch": 59,
            "train_loss": 0.4720918633761229,
            "train_acc": 80.66666666666667,
            "val_loss": 0.6948755017348698,
            "val_acc": 84.93506493506493,
            "lr": 1.7527597583490822e-05
        },
        {
            "epoch": 60,
            "train_loss": 0.43355601089972035,
            "train_acc": 82.29629629629629,
            "val_loss": 0.7000119460480554,
            "val_acc": 84.41558441558442,
            "lr": 1.4644660940672627e-05
        },
        {
            "epoch": 61,
            "train_loss": 0.43883157076659024,
            "train_acc": 78.96296296296296,
            "val_loss": 0.6885455710547311,
            "val_acc": 85.45454545454545,
            "lr": 1.1979701719998453e-05
        },
        {
            "epoch": 62,
            "train_loss": 0.40250722655543575,
            "train_acc": 78.44444444444444,
            "val_loss": 0.6775044491925797,
            "val_acc": 84.93506493506493,
            "lr": 9.549150281252633e-06
        },
        {
            "epoch": 63,
            "train_loss": 0.39597102677380597,
            "train_acc": 81.62962962962963,
            "val_loss": 0.6867820832636449,
            "val_acc": 85.1948051948052,
            "lr": 7.367991782295391e-06
        },
        {
            "epoch": 64,
            "train_loss": 0.5123369179169337,
            "train_acc": 81.11111111111111,
            "val_loss": 0.6731591604359738,
            "val_acc": 85.97402597402598,
            "lr": 5.449673790581611e-06
        },
        {
            "epoch": 65,
            "train_loss": 0.4513989684316847,
            "train_acc": 85.11111111111111,
            "val_loss": 0.6853117782574195,
            "val_acc": 84.15584415584415,
            "lr": 3.8060233744356633e-06
        },
        {
            "epoch": 66,
            "train_loss": 0.4173330243428548,
            "train_acc": 77.48148148148148,
            "val_loss": 0.6656936431085908,
            "val_acc": 85.71428571428571,
            "lr": 2.4471741852423237e-06
        },
        {
            "epoch": 67,
            "train_loss": 0.43670149282172877,
            "train_acc": 76.96296296296296,
            "val_loss": 0.6828937870341462,
            "val_acc": 84.67532467532467,
            "lr": 1.3815039801161721e-06
        },
        {
            "epoch": 68,
            "train_loss": 0.45654895261481954,
            "train_acc": 78.74074074074075,
            "val_loss": 0.7060046058196526,
            "val_acc": 83.8961038961039,
            "lr": 6.15582970243117e-07
        },
        {
            "epoch": 69,
            "train_loss": 0.40993857458785726,
            "train_acc": 73.55555555555556,
            "val_loss": 0.6822393472318525,
            "val_acc": 85.45454545454545,
            "lr": 1.5413331334360182e-07
        },
        {
            "epoch": 70,
            "train_loss": 0.3186971656481425,
            "train_acc": 78.81481481481481,
            "val_loss": 0.6827483165573764,
            "val_acc": 84.15584415584415,
            "lr": 0.0001
        },
        {
            "epoch": 71,
            "train_loss": 0.4309846016212746,
            "train_acc": 82.07407407407408,
            "val_loss": 0.7715425794774836,
            "val_acc": 82.33766233766234,
            "lr": 9.996145181203615e-05
        },
        {
            "epoch": 72,
            "train_loss": 0.41234133119936345,
            "train_acc": 80.5925925925926,
            "val_loss": 0.766611474365383,
            "val_acc": 82.07792207792208,
            "lr": 9.98458666866564e-05
        },
        {
            "epoch": 73,
            "train_loss": 0.5262582481790472,
            "train_acc": 79.4074074074074,
            "val_loss": 0.7132705258471626,
            "val_acc": 82.59740259740259,
            "lr": 9.965342284774632e-05
        },
        {
            "epoch": 74,
            "train_loss": 0.41726523010819044,
            "train_acc": 82.0,
            "val_loss": 0.737063522462721,
            "val_acc": 84.15584415584415,
            "lr": 9.938441702975689e-05
        },
        {
            "epoch": 75,
            "train_loss": 0.4499476373637164,
            "train_acc": 73.85185185185185,
            "val_loss": 0.7133116596704954,
            "val_acc": 84.15584415584415,
            "lr": 9.903926402016153e-05
        },
        {
            "epoch": 76,
            "train_loss": 0.49023394019515426,
            "train_acc": 82.37037037037037,
            "val_loss": 0.6939691495198708,
            "val_acc": 84.15584415584415,
            "lr": 9.861849601988383e-05
        },
        {
            "epoch": 77,
            "train_loss": 0.5227619660342181,
            "train_acc": 83.03703703703704,
            "val_loss": 0.7734324457196446,
            "val_acc": 82.33766233766234,
            "lr": 9.812276182268236e-05
        },
        {
            "epoch": 78,
            "train_loss": 0.4105232937247665,
            "train_acc": 85.18518518518519,
            "val_loss": 0.8036287620470122,
            "val_acc": 82.07792207792208,
            "lr": 9.755282581475769e-05
        },
        {
            "epoch": 79,
            "train_loss": 0.41036904105433714,
            "train_acc": 72.5925925925926,
            "val_loss": 0.7562042224716831,
            "val_acc": 82.07792207792208,
            "lr": 9.690956679612421e-05
        },
        {
            "epoch": 80,
            "train_loss": 0.4549377582691334,
            "train_acc": 80.5925925925926,
            "val_loss": 0.7504548884831466,
            "val_acc": 82.07792207792208,
            "lr": 9.619397662556435e-05
        },
        {
            "epoch": 81,
            "train_loss": 0.44583582101044833,
            "train_acc": 75.25925925925925,
            "val_loss": 0.7584378097351495,
            "val_acc": 81.03896103896103,
            "lr": 9.540715869125407e-05
        },
        {
            "epoch": 82,
            "train_loss": 0.4006599839528402,
            "train_acc": 78.51851851851852,
            "val_loss": 0.8328151663789501,
            "val_acc": 82.33766233766234,
            "lr": 9.45503262094184e-05
        },
        {
            "epoch": 83,
            "train_loss": 0.4394544714468497,
            "train_acc": 79.33333333333333,
            "val_loss": 0.7502002196652549,
            "val_acc": 83.37662337662337,
            "lr": 9.362480035363986e-05
        },
        {
            "epoch": 84,
            "train_loss": 0.3828079770229481,
            "train_acc": 75.33333333333333,
            "val_loss": 0.868637806138435,
            "val_acc": 78.44155844155844,
            "lr": 9.263200821770461e-05
        },
        {
            "epoch": 85,
            "train_loss": 0.46542767140600416,
            "train_acc": 82.81481481481481,
            "val_loss": 0.7661974656891514,
            "val_acc": 82.59740259740259,
            "lr": 9.157348061512727e-05
        },
        {
            "epoch": 86,
            "train_loss": 0.4299785370296902,
            "train_acc": 80.22222222222223,
            "val_loss": 0.7232835133354385,
            "val_acc": 82.59740259740259,
            "lr": 9.045084971874738e-05
        },
        {
            "epoch": 87,
            "train_loss": 0.44594744704387806,
            "train_acc": 78.51851851851852,
            "val_loss": 0.7137204051791848,
            "val_acc": 83.11688311688312,
            "lr": 8.926584654403724e-05
        },
        {
            "epoch": 88,
            "train_loss": 0.4766668996104488,
            "train_acc": 80.0,
            "val_loss": 0.6875119801078524,
            "val_acc": 83.8961038961039,
            "lr": 8.802029828000156e-05
        },
        {
            "epoch": 89,
            "train_loss": 0.47446375515725875,
            "train_acc": 74.66666666666667,
            "val_loss": 0.7166075601206198,
            "val_acc": 82.85714285714286,
            "lr": 8.671612547178428e-05
        },
        {
            "epoch": 90,
            "train_loss": 0.3608120369028162,
            "train_acc": 83.03703703703704,
            "val_loss": 0.7617800964937582,
            "val_acc": 82.85714285714286,
            "lr": 8.535533905932738e-05
        },
        {
            "epoch": 91,
            "train_loss": 0.3661999241511027,
            "train_acc": 83.92592592592592,
            "val_loss": 0.7305247080403489,
            "val_acc": 84.15584415584415,
            "lr": 8.39400372766471e-05
        },
        {
            "epoch": 92,
            "train_loss": 0.45369062344233196,
            "train_acc": 79.70370370370371,
            "val_loss": 0.7308763682455212,
            "val_acc": 83.37662337662337,
            "lr": 8.247240241650919e-05
        },
        {
            "epoch": 93,
            "train_loss": 0.3534911693025518,
            "train_acc": 71.55555555555556,
            "val_loss": 0.7258862366924038,
            "val_acc": 83.11688311688312,
            "lr": 8.09546974654917e-05
        },
        {
            "epoch": 94,
            "train_loss": 0.4687087768978543,
            "train_acc": 80.0,
            "val_loss": 0.6992447021719698,
            "val_acc": 83.8961038961039,
            "lr": 7.938926261462366e-05
        },
        {
            "epoch": 95,
            "train_loss": 0.377979512391267,
            "train_acc": 88.14814814814815,
            "val_loss": 0.6840045149450178,
            "val_acc": 84.93506493506493,
            "lr": 7.777851165098012e-05
        },
        {
            "epoch": 96,
            "train_loss": 0.4684764748149448,
            "train_acc": 70.5925925925926,
            "val_loss": 0.6934245429642789,
            "val_acc": 84.15584415584415,
            "lr": 7.612492823579745e-05
        },
        {
            "epoch": 97,
            "train_loss": 0.48873802220379864,
            "train_acc": 76.66666666666667,
            "val_loss": 0.7067721163684672,
            "val_acc": 84.41558441558442,
            "lr": 7.443106207484776e-05
        },
        {
            "epoch": 98,
            "train_loss": 0.3777798499001397,
            "train_acc": 78.81481481481481,
            "val_loss": 0.6803618371486664,
            "val_acc": 85.1948051948052,
            "lr": 7.269952498697734e-05
        },
        {
            "epoch": 99,
            "train_loss": 0.46002847291805127,
            "train_acc": 76.81481481481481,
            "val_loss": 0.6963762708298572,
            "val_acc": 84.15584415584415,
            "lr": 7.09329868768714e-05
        },
        {
            "epoch": 100,
            "train_loss": 0.4901584777125606,
            "train_acc": 75.48148148148148,
            "val_loss": 0.7300897057954367,
            "val_acc": 82.33766233766234,
            "lr": 6.91341716182545e-05
        },
        {
            "epoch": 101,
            "train_loss": 0.38757537568057027,
            "train_acc": 84.51851851851852,
            "val_loss": 0.7707635619423606,
            "val_acc": 81.55844155844156,
            "lr": 6.730585285387465e-05
        },
        {
            "epoch": 102,
            "train_loss": 0.38925639770649095,
            "train_acc": 72.14814814814815,
            "val_loss": 0.771469095620242,
            "val_acc": 80.25974025974025,
            "lr": 6.545084971874738e-05
        },
        {
            "epoch": 103,
            "train_loss": 0.4705090888341268,
            "train_acc": 82.74074074074075,
            "val_loss": 0.7542314305708006,
            "val_acc": 82.85714285714286,
            "lr": 6.357202249325371e-05
        },
        {
            "epoch": 104,
            "train_loss": 0.5032418021449336,
            "train_acc": 80.37037037037037,
            "val_loss": 0.7527720149461326,
            "val_acc": 82.07792207792208,
            "lr": 6.167226819279528e-05
        },
        {
            "epoch": 105,
            "train_loss": 0.44243829992082384,
            "train_acc": 80.51851851851852,
            "val_loss": 0.7123148195155256,
            "val_acc": 82.33766233766234,
            "lr": 5.9754516100806423e-05
        },
        {
            "epoch": 106,
            "train_loss": 0.4620857138545425,
            "train_acc": 79.03703703703704,
            "val_loss": 0.7071613902395422,
            "val_acc": 84.67532467532467,
            "lr": 5.782172325201155e-05
        },
        {
            "epoch": 107,
            "train_loss": 0.49578276210361055,
            "train_acc": 77.48148148148148,
            "val_loss": 0.7220178574323655,
            "val_acc": 83.8961038961039,
            "lr": 5.587686987289189e-05
        },
        {
            "epoch": 108,
            "train_loss": 0.5071835838423835,
            "train_acc": 73.03703703703704,
            "val_loss": 0.6971342759472984,
            "val_acc": 83.8961038961039,
            "lr": 5.392295478639225e-05
        },
        {
            "epoch": 109,
            "train_loss": 0.3352083177919741,
            "train_acc": 82.44444444444444,
            "val_loss": 0.7166122406721115,
            "val_acc": 83.37662337662337,
            "lr": 5.196299078795344e-05
        },
        {
            "epoch": 110,
            "train_loss": 0.40909433197092127,
            "train_acc": 79.85185185185185,
            "val_loss": 0.7092296102604309,
            "val_acc": 84.41558441558442,
            "lr": 5e-05
        },
        {
            "epoch": 111,
            "train_loss": 0.4099116978821931,
            "train_acc": 85.25925925925925,
            "val_loss": 0.6820264451689534,
            "val_acc": 85.1948051948052,
            "lr": 4.8037009212046586e-05
        },
        {
            "epoch": 112,
            "train_loss": 0.36315760824415416,
            "train_acc": 82.88888888888889,
            "val_loss": 0.7013915178837714,
            "val_acc": 84.15584415584415,
            "lr": 4.607704521360776e-05
        },
        {
            "epoch": 113,
            "train_loss": 0.37376553464818885,
            "train_acc": 75.70370370370371,
            "val_loss": 0.7588845587783045,
            "val_acc": 83.37662337662337,
            "lr": 4.412313012710813e-05
        },
        {
            "epoch": 114,
            "train_loss": 0.47930635787822584,
            "train_acc": 75.55555555555556,
            "val_loss": 0.7501763840000351,
            "val_acc": 83.63636363636364,
            "lr": 4.217827674798847e-05
        },
        {
            "epoch": 115,
            "train_loss": 0.5055464080527977,
            "train_acc": 79.77777777777777,
            "val_loss": 0.6930532252633727,
            "val_acc": 84.15584415584415,
            "lr": 4.0245483899193595e-05
        },
        {
            "epoch": 116,
            "train_loss": 0.4348476438169126,
            "train_acc": 80.74074074074075,
            "val_loss": 0.7036400542243735,
            "val_acc": 84.41558441558442,
            "lr": 3.8327731807204733e-05
        },
        {
            "epoch": 117,
            "train_loss": 0.43101205159116673,
            "train_acc": 84.51851851851852,
            "val_loss": 0.7221483224785173,
            "val_acc": 83.11688311688312,
            "lr": 3.642797750674628e-05
        },
        {
            "epoch": 118,
            "train_loss": 0.40856052716573077,
            "train_acc": 79.33333333333333,
            "val_loss": 0.7686756323684346,
            "val_acc": 81.81818181818181,
            "lr": 3.4549150281252636e-05
        },
        {
            "epoch": 119,
            "train_loss": 0.29773011026559054,
            "train_acc": 80.22222222222223,
            "val_loss": 0.7451090667154882,
            "val_acc": 84.15584415584415,
            "lr": 3.2694147146125365e-05
        },
        {
            "epoch": 120,
            "train_loss": 0.40794470208662525,
            "train_acc": 81.03703703703704,
            "val_loss": 0.7362666025564268,
            "val_acc": 83.37662337662337,
            "lr": 3.086582838174551e-05
        },
        {
            "epoch": 121,
            "train_loss": 0.42441085833090325,
            "train_acc": 84.07407407407408,
            "val_loss": 0.727902068294488,
            "val_acc": 83.63636363636364,
            "lr": 2.9067013123128613e-05
        },
        {
            "epoch": 122,
            "train_loss": 0.5177521240269696,
            "train_acc": 75.55555555555556,
            "val_loss": 0.7126556891899605,
            "val_acc": 85.1948051948052,
            "lr": 2.7300475013022663e-05
        },
        {
            "epoch": 123,
            "train_loss": 0.38299956109788685,
            "train_acc": 77.55555555555556,
            "val_loss": 0.7263375949549985,
            "val_acc": 84.15584415584415,
            "lr": 2.5568937925152248e-05
        },
        {
            "epoch": 124,
            "train_loss": 0.341817831993103,
            "train_acc": 79.70370370370371,
            "val_loss": 0.7350875510023785,
            "val_acc": 84.15584415584415,
            "lr": 2.3875071764202563e-05
        },
        {
            "epoch": 125,
            "train_loss": 0.37082201878229776,
            "train_acc": 68.22222222222223,
            "val_loss": 0.7098332282784697,
            "val_acc": 85.97402597402598,
            "lr": 2.2221488349019886e-05
        },
        {
            "epoch": 126,
            "train_loss": 0.3476995136119701,
            "train_acc": 76.88888888888889,
            "val_loss": 0.7573028773456425,
            "val_acc": 82.59740259740259,
            "lr": 2.061073738537635e-05
        },
        {
            "epoch": 127,
            "train_loss": 0.43936011398280106,
            "train_acc": 70.44444444444444,
            "val_loss": 0.7316711706387532,
            "val_acc": 83.8961038961039,
            "lr": 1.9045302534508314e-05
        },
        {
            "epoch": 128,
            "train_loss": 0.4118694332352391,
            "train_acc": 73.4074074074074,
            "val_loss": 0.7225344516240157,
            "val_acc": 84.15584415584415,
            "lr": 1.7527597583490822e-05
        },
        {
            "epoch": 129,
            "train_loss": 0.4150813940719322,
            "train_acc": 78.07407407407408,
            "val_loss": 0.7044951867747616,
            "val_acc": 83.37662337662337,
            "lr": 1.605996272335292e-05
        },
        {
            "epoch": 130,
            "train_loss": 0.4572817854528074,
            "train_acc": 77.18518518518519,
            "val_loss": 0.7011158048719555,
            "val_acc": 84.41558441558442,
            "lr": 1.4644660940672627e-05
        },
        {
            "epoch": 131,
            "train_loss": 0.359773182604048,
            "train_acc": 76.81481481481481,
            "val_loss": 0.7089273720205604,
            "val_acc": 84.93506493506493,
            "lr": 1.3283874528215718e-05
        },
        {
            "epoch": 132,
            "train_loss": 0.3698249521078887,
            "train_acc": 78.29629629629629,
            "val_loss": 0.7405676265428592,
            "val_acc": 82.85714285714286,
            "lr": 1.1979701719998453e-05
        },
        {
            "epoch": 133,
            "train_loss": 0.5238026735517713,
            "train_acc": 82.96296296296296,
            "val_loss": 0.6942984903400594,
            "val_acc": 84.67532467532467,
            "lr": 1.0734153455962748e-05
        },
        {
            "epoch": 134,
            "train_loss": 0.42690027404714515,
            "train_acc": 85.70370370370371,
            "val_loss": 0.6894232782450589,
            "val_acc": 84.93506493506493,
            "lr": 9.549150281252633e-06
        },
        {
            "epoch": 135,
            "train_loss": 0.46550531087098296,
            "train_acc": 81.55555555555556,
            "val_loss": 0.6783560572506545,
            "val_acc": 84.41558441558442,
            "lr": 8.42651938487275e-06
        },
        {
            "epoch": 136,
            "train_loss": 0.41911384450064765,
            "train_acc": 77.25925925925925,
            "val_loss": 0.6927515029520184,
            "val_acc": 84.41558441558442,
            "lr": 7.367991782295391e-06
        },
        {
            "epoch": 137,
            "train_loss": 0.39163796018671104,
            "train_acc": 86.29629629629629,
            "val_loss": 0.7184121997325451,
            "val_acc": 83.37662337662337,
            "lr": 6.375199646360153e-06
        },
        {
            "epoch": 138,
            "train_loss": 0.35365299304326375,
            "train_acc": 75.4074074074074,
            "val_loss": 0.6869163022025839,
            "val_acc": 84.67532467532467,
            "lr": 5.449673790581611e-06
        },
        {
            "epoch": 139,
            "train_loss": 0.4441841349778352,
            "train_acc": 80.81481481481481,
            "val_loss": 0.7035443521939315,
            "val_acc": 84.67532467532467,
            "lr": 4.592841308745932e-06
        },
        {
            "epoch": 140,
            "train_loss": 0.3893095069019883,
            "train_acc": 85.03703703703704,
            "val_loss": 0.7076123482995219,
            "val_acc": 84.41558441558442,
            "lr": 3.8060233744356633e-06
        },
        {
            "epoch": 141,
            "train_loss": 0.3844283215646391,
            "train_acc": 78.81481481481481,
            "val_loss": 0.7158557779603191,
            "val_acc": 84.67532467532467,
            "lr": 3.090433203875792e-06
        },
        {
            "epoch": 142,
            "train_loss": 0.36658899748766866,
            "train_acc": 71.4074074074074,
            "val_loss": 0.6959528641267256,
            "val_acc": 84.67532467532467,
            "lr": 2.4471741852423237e-06
        },
        {
            "epoch": 143,
            "train_loss": 0.38944175596590397,
            "train_acc": 82.66666666666667,
            "val_loss": 0.6912297921908366,
            "val_acc": 84.93506493506493,
            "lr": 1.8772381773176417e-06
        },
        {
            "epoch": 144,
            "train_loss": 0.4789150110439018,
            "train_acc": 82.07407407407408,
            "val_loss": 0.7062203776139717,
            "val_acc": 84.41558441558442,
            "lr": 1.3815039801161721e-06
        },
        {
            "epoch": 145,
            "train_loss": 0.43754993849330476,
            "train_acc": 81.18518518518519,
            "val_loss": 0.7278478043807017,
            "val_acc": 84.15584415584415,
            "lr": 9.607359798384785e-07
        },
        {
            "epoch": 146,
            "train_loss": 0.37422997377536915,
            "train_acc": 78.5925925925926,
            "val_loss": 0.6926242514090104,
            "val_acc": 84.41558441558442,
            "lr": 6.15582970243117e-07
        },
        {
            "epoch": 147,
            "train_loss": 0.37192127035723793,
            "train_acc": 80.37037037037037,
            "val_loss": 0.7143009764807565,
            "val_acc": 84.67532467532467,
            "lr": 3.465771522536854e-07
        },
        {
            "epoch": 148,
            "train_loss": 0.4379991927853337,
            "train_acc": 86.66666666666667,
            "val_loss": 0.7026582111398895,
            "val_acc": 84.67532467532467,
            "lr": 1.5413331334360182e-07
        },
        {
            "epoch": 149,
            "train_loss": 0.345071337863251,
            "train_acc": 78.96296296296296,
            "val_loss": 0.720327175321517,
            "val_acc": 84.15584415584415,
            "lr": 3.8548187963854956e-08
        },
        {
            "epoch": 150,
            "train_loss": 0.43776666195304303,
            "train_acc": 81.62962962962963,
            "val_loss": 0.7093120617138875,
            "val_acc": 85.1948051948052,
            "lr": 0.0001
        }
    ]
}