{
  "model": "YOLOv11s-cls",
  "experiment": "Y0_baseline",
  "timestamp": "20250826_162811",
  "dataset": {
    "root": "/data/dn564/sampledv11_cropped",
    "num_classes": 5,
    "class_names": [
      "crack",
      "no_defect",
      "over_extrusion",
      "under_extrusion",
      "warping"
    ]
  },
  "training_curves": {
    "best_epoch_index": 99,
    "best_val_top1": 84.675,
    "best_val_top5": 100.0,
    "final_val_top1": 84.675,
    "final_val_top5": 100.0
  },
  "training_history": [
    {
      "epoch": 1,
      "train_loss": 1.8011,
      "val_loss": 1.73186,
      "val_acc": 20.779,
      "lr": 0.00017814
    },
    {
      "epoch": 2,
      "train_loss": 1.71018,
      "val_loss": 1.42613,
      "val_acc": 30.648999999999997,
      "lr": 0.000256163
    },
    {
      "epoch": 3,
      "train_loss": 1.54755,
      "val_loss": 1.38156,
      "val_acc": 43.376999999999995,
      "lr": 0.000332186
    },
    {
      "epoch": 4,
      "train_loss": 1.3651,
      "val_loss": 1.21924,
      "val_acc": 56.364000000000004,
      "lr": 0.000406209
    },
    {
      "epoch": 5,
      "train_loss": 1.15237,
      "val_loss": 0.84106,
      "val_acc": 63.636,
      "lr": 0.000478233
    },
    {
      "epoch": 6,
      "train_loss": 0.91341,
      "val_loss": 0.78285,
      "val_acc": 67.532,
      "lr": 0.000475
    },
    {
      "epoch": 7,
      "train_loss": 0.78579,
      "val_loss": 0.65427,
      "val_acc": 70.39,
      "lr": 0.00047
    },
    {
      "epoch": 8,
      "train_loss": 0.6439,
      "val_loss": 0.57315,
      "val_acc": 75.325,
      "lr": 0.000465
    },
    {
      "epoch": 9,
      "train_loss": 0.57044,
      "val_loss": 0.53825,
      "val_acc": 77.922,
      "lr": 0.00046
    },
    {
      "epoch": 10,
      "train_loss": 0.53938,
      "val_loss": 0.51233,
      "val_acc": 79.221,
      "lr": 0.000455
    },
    {
      "epoch": 11,
      "train_loss": 0.46139,
      "val_loss": 1.18673,
      "val_acc": 76.883,
      "lr": 0.000450001
    },
    {
      "epoch": 12,
      "train_loss": 0.41942,
      "val_loss": 0.58398,
      "val_acc": 80.779,
      "lr": 0.000445001
    },
    {
      "epoch": 13,
      "train_loss": 0.35892,
      "val_loss": 0.49015,
      "val_acc": 80.0,
      "lr": 0.000440001
    },
    {
      "epoch": 14,
      "train_loss": 0.32345,
      "val_loss": 0.47566,
      "val_acc": 80.51899999999999,
      "lr": 0.000435001
    },
    {
      "epoch": 15,
      "train_loss": 0.31307,
      "val_loss": 0.49055,
      "val_acc": 81.29899999999999,
      "lr": 0.000430001
    },
    {
      "epoch": 16,
      "train_loss": 0.27539,
      "val_loss": 0.45139,
      "val_acc": 80.25999999999999,
      "lr": 0.000425001
    },
    {
      "epoch": 17,
      "train_loss": 0.2595,
      "val_loss": 0.72853,
      "val_acc": 81.039,
      "lr": 0.000420001
    },
    {
      "epoch": 18,
      "train_loss": 0.25323,
      "val_loss": 0.45199,
      "val_acc": 80.51899999999999,
      "lr": 0.000415001
    },
    {
      "epoch": 19,
      "train_loss": 0.20541,
      "val_loss": 0.45382,
      "val_acc": 81.818,
      "lr": 0.000410001
    },
    {
      "epoch": 20,
      "train_loss": 0.21688,
      "val_loss": 0.43844,
      "val_acc": 81.29899999999999,
      "lr": 0.000405001
    },
    {
      "epoch": 21,
      "train_loss": 0.19889,
      "val_loss": 0.45948,
      "val_acc": 80.51899999999999,
      "lr": 0.000400001
    },
    {
      "epoch": 22,
      "train_loss": 0.17622,
      "val_loss": 0.45478,
      "val_acc": 80.51899999999999,
      "lr": 0.000395001
    },
    {
      "epoch": 23,
      "train_loss": 0.20623,
      "val_loss": 0.51249,
      "val_acc": 81.29899999999999,
      "lr": 0.000390001
    },
    {
      "epoch": 24,
      "train_loss": 0.1638,
      "val_loss": 0.45754,
      "val_acc": 80.779,
      "lr": 0.000385001
    },
    {
      "epoch": 25,
      "train_loss": 0.14794,
      "val_loss": 0.47389,
      "val_acc": 81.039,
      "lr": 0.000380001
    },
    {
      "epoch": 26,
      "train_loss": 0.13789,
      "val_loss": 0.4686,
      "val_acc": 81.818,
      "lr": 0.000375001
    },
    {
      "epoch": 27,
      "train_loss": 0.15404,
      "val_loss": 0.84595,
      "val_acc": 82.597,
      "lr": 0.000370001
    },
    {
      "epoch": 28,
      "train_loss": 0.13661,
      "val_loss": 0.48238,
      "val_acc": 81.55799999999999,
      "lr": 0.000365001
    },
    {
      "epoch": 29,
      "train_loss": 0.12223,
      "val_loss": 0.47897,
      "val_acc": 82.597,
      "lr": 0.000360001
    },
    {
      "epoch": 30,
      "train_loss": 0.12536,
      "val_loss": 0.57045,
      "val_acc": 82.597,
      "lr": 0.000355001
    },
    {
      "epoch": 31,
      "train_loss": 0.11208,
      "val_loss": 0.46856,
      "val_acc": 82.597,
      "lr": 0.000350001
    },
    {
      "epoch": 32,
      "train_loss": 0.11827,
      "val_loss": 0.45176,
      "val_acc": 83.896,
      "lr": 0.000345002
    },
    {
      "epoch": 33,
      "train_loss": 0.09922,
      "val_loss": 0.62088,
      "val_acc": 83.636,
      "lr": 0.000340002
    },
    {
      "epoch": 34,
      "train_loss": 0.11081,
      "val_loss": 0.44867,
      "val_acc": 82.07799999999999,
      "lr": 0.000335002
    },
    {
      "epoch": 35,
      "train_loss": 0.09061,
      "val_loss": 0.73438,
      "val_acc": 82.857,
      "lr": 0.000330002
    },
    {
      "epoch": 36,
      "train_loss": 0.08846,
      "val_loss": 0.46342,
      "val_acc": 84.15599999999999,
      "lr": 0.000325002
    },
    {
      "epoch": 37,
      "train_loss": 0.11193,
      "val_loss": 0.45365,
      "val_acc": 83.636,
      "lr": 0.000320002
    },
    {
      "epoch": 38,
      "train_loss": 0.08106,
      "val_loss": 0.47317,
      "val_acc": 82.857,
      "lr": 0.000315002
    },
    {
      "epoch": 39,
      "train_loss": 0.09324,
      "val_loss": 0.45012,
      "val_acc": 83.636,
      "lr": 0.000310002
    },
    {
      "epoch": 40,
      "train_loss": 0.09954,
      "val_loss": 0.45767,
      "val_acc": 82.338,
      "lr": 0.000305002
    },
    {
      "epoch": 41,
      "train_loss": 0.09638,
      "val_loss": 0.45483,
      "val_acc": 83.377,
      "lr": 0.000300002
    },
    {
      "epoch": 42,
      "train_loss": 0.10095,
      "val_loss": 0.48386,
      "val_acc": 83.11699999999999,
      "lr": 0.000295002
    },
    {
      "epoch": 43,
      "train_loss": 0.08784,
      "val_loss": 0.63196,
      "val_acc": 81.039,
      "lr": 0.000290002
    },
    {
      "epoch": 44,
      "train_loss": 0.08983,
      "val_loss": 0.87354,
      "val_acc": 83.377,
      "lr": 0.000285002
    },
    {
      "epoch": 45,
      "train_loss": 0.08631,
      "val_loss": 1.37838,
      "val_acc": 81.818,
      "lr": 0.000280002
    },
    {
      "epoch": 46,
      "train_loss": 0.07868,
      "val_loss": 0.47537,
      "val_acc": 82.07799999999999,
      "lr": 0.000275002
    },
    {
      "epoch": 47,
      "train_loss": 0.08294,
      "val_loss": 0.51526,
      "val_acc": 81.55799999999999,
      "lr": 0.000270002
    },
    {
      "epoch": 48,
      "train_loss": 0.07971,
      "val_loss": 0.48801,
      "val_acc": 82.597,
      "lr": 0.000265002
    },
    {
      "epoch": 49,
      "train_loss": 0.06412,
      "val_loss": 0.49082,
      "val_acc": 82.857,
      "lr": 0.000260002
    },
    {
      "epoch": 50,
      "train_loss": 0.0732,
      "val_loss": 0.54837,
      "val_acc": 83.636,
      "lr": 0.000255002
    },
    {
      "epoch": 51,
      "train_loss": 0.07004,
      "val_loss": 0.50071,
      "val_acc": 82.338,
      "lr": 0.000250003
    },
    {
      "epoch": 52,
      "train_loss": 0.08656,
      "val_loss": 1.22998,
      "val_acc": 83.636,
      "lr": 0.000245003
    },
    {
      "epoch": 53,
      "train_loss": 0.07255,
      "val_loss": 0.49135,
      "val_acc": 82.597,
      "lr": 0.000240003
    },
    {
      "epoch": 54,
      "train_loss": 0.06476,
      "val_loss": 0.91368,
      "val_acc": 83.636,
      "lr": 0.000235003
    },
    {
      "epoch": 55,
      "train_loss": 0.05311,
      "val_loss": 0.49426,
      "val_acc": 83.11699999999999,
      "lr": 0.000230003
    },
    {
      "epoch": 56,
      "train_loss": 0.06147,
      "val_loss": 0.6062,
      "val_acc": 83.377,
      "lr": 0.000225003
    },
    {
      "epoch": 57,
      "train_loss": 0.05089,
      "val_loss": 0.48404,
      "val_acc": 83.896,
      "lr": 0.000220003
    },
    {
      "epoch": 58,
      "train_loss": 0.06212,
      "val_loss": 0.48661,
      "val_acc": 84.15599999999999,
      "lr": 0.000215003
    },
    {
      "epoch": 59,
      "train_loss": 0.05772,
      "val_loss": 0.48726,
      "val_acc": 83.636,
      "lr": 0.000210003
    },
    {
      "epoch": 60,
      "train_loss": 0.06723,
      "val_loss": 0.48622,
      "val_acc": 83.636,
      "lr": 0.000205003
    },
    {
      "epoch": 61,
      "train_loss": 0.05101,
      "val_loss": 0.49934,
      "val_acc": 83.636,
      "lr": 0.000200003
    },
    {
      "epoch": 62,
      "train_loss": 0.06382,
      "val_loss": 0.75956,
      "val_acc": 83.636,
      "lr": 0.000195003
    },
    {
      "epoch": 63,
      "train_loss": 0.07724,
      "val_loss": 0.51964,
      "val_acc": 84.15599999999999,
      "lr": 0.000190003
    },
    {
      "epoch": 64,
      "train_loss": 0.04963,
      "val_loss": 0.51542,
      "val_acc": 82.597,
      "lr": 0.000185003
    },
    {
      "epoch": 65,
      "train_loss": 0.0691,
      "val_loss": 0.52721,
      "val_acc": 83.11699999999999,
      "lr": 0.000180003
    },
    {
      "epoch": 66,
      "train_loss": 0.0447,
      "val_loss": 0.51211,
      "val_acc": 84.15599999999999,
      "lr": 0.000175003
    },
    {
      "epoch": 67,
      "train_loss": 0.056,
      "val_loss": 0.8054,
      "val_acc": 84.416,
      "lr": 0.000170003
    },
    {
      "epoch": 68,
      "train_loss": 0.05476,
      "val_loss": 0.5142,
      "val_acc": 83.896,
      "lr": 0.000165003
    },
    {
      "epoch": 69,
      "train_loss": 0.05236,
      "val_loss": 1.1687,
      "val_acc": 84.15599999999999,
      "lr": 0.000160003
    },
    {
      "epoch": 70,
      "train_loss": 0.04427,
      "val_loss": 1.11077,
      "val_acc": 83.377,
      "lr": 0.000155003
    },
    {
      "epoch": 71,
      "train_loss": 0.0564,
      "val_loss": 0.509,
      "val_acc": 83.636,
      "lr": 0.000150004
    },
    {
      "epoch": 72,
      "train_loss": 0.045,
      "val_loss": 0.53465,
      "val_acc": 83.636,
      "lr": 0.000145004
    },
    {
      "epoch": 73,
      "train_loss": 0.04211,
      "val_loss": 0.49924,
      "val_acc": 83.896,
      "lr": 0.000140004
    },
    {
      "epoch": 74,
      "train_loss": 0.0529,
      "val_loss": 1.54072,
      "val_acc": 84.416,
      "lr": 0.000135004
    },
    {
      "epoch": 75,
      "train_loss": 0.05266,
      "val_loss": 1.02239,
      "val_acc": 83.377,
      "lr": 0.000130004
    },
    {
      "epoch": 76,
      "train_loss": 0.04137,
      "val_loss": 1.12448,
      "val_acc": 84.15599999999999,
      "lr": 0.000125004
    },
    {
      "epoch": 77,
      "train_loss": 0.0456,
      "val_loss": 0.51636,
      "val_acc": 83.636,
      "lr": 0.000120004
    },
    {
      "epoch": 78,
      "train_loss": 0.0406,
      "val_loss": 1.12169,
      "val_acc": 82.597,
      "lr": 0.000115004
    },
    {
      "epoch": 79,
      "train_loss": 0.03848,
      "val_loss": 0.52366,
      "val_acc": 83.636,
      "lr": 0.000110004
    },
    {
      "epoch": 80,
      "train_loss": 0.04407,
      "val_loss": 0.51914,
      "val_acc": 84.15599999999999,
      "lr": 0.000105004
    },
    {
      "epoch": 81,
      "train_loss": 0.04808,
      "val_loss": 0.91786,
      "val_acc": 83.11699999999999,
      "lr": 0.000100004
    },
    {
      "epoch": 82,
      "train_loss": 0.03887,
      "val_loss": 0.5262,
      "val_acc": 83.636,
      "lr": 9.5004e-05
    },
    {
      "epoch": 83,
      "train_loss": 0.07697,
      "val_loss": 0.54102,
      "val_acc": 83.11699999999999,
      "lr": 9.00041e-05
    },
    {
      "epoch": 84,
      "train_loss": 0.0641,
      "val_loss": 0.70993,
      "val_acc": 83.636,
      "lr": 8.50042e-05
    },
    {
      "epoch": 85,
      "train_loss": 0.0431,
      "val_loss": 0.526,
      "val_acc": 83.896,
      "lr": 8.00042e-05
    },
    {
      "epoch": 86,
      "train_loss": 0.0374,
      "val_loss": 0.52906,
      "val_acc": 84.15599999999999,
      "lr": 7.50043e-05
    },
    {
      "epoch": 87,
      "train_loss": 0.04648,
      "val_loss": 0.56655,
      "val_acc": 83.636,
      "lr": 7.00043e-05
    },
    {
      "epoch": 88,
      "train_loss": 0.04286,
      "val_loss": 0.59895,
      "val_acc": 82.857,
      "lr": 6.50044e-05
    },
    {
      "epoch": 89,
      "train_loss": 0.0508,
      "val_loss": 0.54438,
      "val_acc": 82.857,
      "lr": 6.00044e-05
    },
    {
      "epoch": 90,
      "train_loss": 0.05337,
      "val_loss": 0.52285,
      "val_acc": 82.857,
      "lr": 5.50044e-05
    },
    {
      "epoch": 91,
      "train_loss": 0.06592,
      "val_loss": 0.51845,
      "val_acc": 83.636,
      "lr": 5.00045e-05
    },
    {
      "epoch": 92,
      "train_loss": 0.0544,
      "val_loss": 1.13777,
      "val_acc": 83.377,
      "lr": 4.50045e-05
    },
    {
      "epoch": 93,
      "train_loss": 0.04177,
      "val_loss": 0.52487,
      "val_acc": 83.636,
      "lr": 4.00046e-05
    },
    {
      "epoch": 94,
      "train_loss": 0.0403,
      "val_loss": 0.53015,
      "val_acc": 83.896,
      "lr": 3.50046e-05
    },
    {
      "epoch": 95,
      "train_loss": 0.03767,
      "val_loss": 0.52058,
      "val_acc": 84.15599999999999,
      "lr": 3.00047e-05
    },
    {
      "epoch": 96,
      "train_loss": 0.04045,
      "val_loss": 0.52455,
      "val_acc": 84.15599999999999,
      "lr": 2.50048e-05
    },
    {
      "epoch": 97,
      "train_loss": 0.02959,
      "val_loss": 0.52552,
      "val_acc": 83.896,
      "lr": 2.00048e-05
    },
    {
      "epoch": 98,
      "train_loss": 0.0697,
      "val_loss": 1.08698,
      "val_acc": 83.896,
      "lr": 1.50049e-05
    },
    {
      "epoch": 99,
      "train_loss": 0.04609,
      "val_loss": 0.52016,
      "val_acc": 84.15599999999999,
      "lr": 1.00049e-05
    },
    {
      "epoch": 100,
      "train_loss": 0.03697,
      "val_loss": 0.56104,
      "val_acc": 84.675,
      "lr": 5.00495e-06
    }
  ],
  "test_results_clean": {
    "overall_accuracy": 88.0,
    "per_class_accuracy": {
      "crack": 95.0,
      "no_defect": 87.5,
      "over_extrusion": 85.0,
      "under_extrusion": 75.0,
      "warping": 97.5
    },
    "confusion_matrix": [
      [
        38,
        0,
        1,
        0,
        1
      ],
      [
        0,
        35,
        3,
        2,
        0
      ],
      [
        1,
        1,
        34,
        4,
        0
      ],
      [
        0,
        2,
        8,
        30,
        0
      ],
      [
        1,
        0,
        0,
        0,
        39
      ]
    ],
    "classification_report": {
      "crack": {
        "precision": 0.95,
        "recall": 0.95,
        "f1-score": 0.95,
        "support": 40.0
      },
      "no_defect": {
        "precision": 0.9210526315789473,
        "recall": 0.875,
        "f1-score": 0.8974358974358975,
        "support": 40.0
      },
      "over_extrusion": {
        "precision": 0.7391304347826086,
        "recall": 0.85,
        "f1-score": 0.7906976744186046,
        "support": 40.0
      },
      "under_extrusion": {
        "precision": 0.8333333333333334,
        "recall": 0.75,
        "f1-score": 0.7894736842105263,
        "support": 40.0
      },
      "warping": {
        "precision": 0.975,
        "recall": 0.975,
        "f1-score": 0.975,
        "support": 40.0
      },
      "accuracy": 0.88,
      "macro avg": {
        "precision": 0.8837032799389778,
        "recall": 0.8799999999999999,
        "f1-score": 0.8805214512130057,
        "support": 200.0
      },
      "weighted avg": {
        "precision": 0.8837032799389779,
        "recall": 0.88,
        "f1-score": 0.8805214512130057,
        "support": 200.0
      }
    }
  },
  "noise_results": {
    "0.0": {
      "overall_accuracy": 88.0,
      "per_class_accuracy": {
        "crack": 95.0,
        "no_defect": 87.5,
        "over_extrusion": 85.0,
        "under_extrusion": 75.0,
        "warping": 97.5
      }
    },
    "0.05": {
      "overall_accuracy": 65.0,
      "per_class_accuracy": {
        "crack": 72.5,
        "no_defect": 85.0,
        "over_extrusion": 27.500000000000004,
        "under_extrusion": 90.0,
        "warping": 50.0
      }
    },
    "0.08": {
      "overall_accuracy": 52.0,
      "per_class_accuracy": {
        "crack": 60.0,
        "no_defect": 82.5,
        "over_extrusion": 17.5,
        "under_extrusion": 82.5,
        "warping": 17.5
      }
    },
    "0.1": {
      "overall_accuracy": 43.5,
      "per_class_accuracy": {
        "crack": 47.5,
        "no_defect": 77.5,
        "over_extrusion": 12.5,
        "under_extrusion": 75.0,
        "warping": 5.0
      }
    },
    "0.12": {
      "overall_accuracy": 35.0,
      "per_class_accuracy": {
        "crack": 27.500000000000004,
        "no_defect": 82.5,
        "over_extrusion": 2.5,
        "under_extrusion": 60.0,
        "warping": 2.5
      }
    },
    "0.15": {
      "overall_accuracy": 31.0,
      "per_class_accuracy": {
        "crack": 22.5,
        "no_defect": 80.0,
        "over_extrusion": 0.0,
        "under_extrusion": 50.0,
        "warping": 2.5
      }
    },
    "0.2": {
      "overall_accuracy": 27.500000000000004,
      "per_class_accuracy": {
        "crack": 7.5,
        "no_defect": 80.0,
        "over_extrusion": 0.0,
        "under_extrusion": 50.0,
        "warping": 0.0
      }
    },
    "0.25": {
      "overall_accuracy": 18.5,
      "per_class_accuracy": {
        "crack": 0.0,
        "no_defect": 47.5,
        "over_extrusion": 0.0,
        "under_extrusion": 45.0,
        "warping": 0.0
      }
    }
  },
  "artifacts": {
    "best_weights": "/data/dn564/experiments/yolo_Y0_baseline_20250826_162811/models/best.pt",
    "composite_plot": "/data/dn564/experiments/yolo_Y0_baseline_20250826_162811/plots/composite_results.png",
    "noise_curve_plot": "/data/dn564/experiments/yolo_Y0_baseline_20250826_162811/plots/noise_accuracy_curve.png",
    "cm_val_png": "/data/dn564/experiments/yolo_Y0_baseline_20250826_162811/plots/confusion_matrix_val.png",
    "cm_test_png": "/data/dn564/experiments/yolo_Y0_baseline_20250826_162811/plots/confusion_matrix_test.png"
  }
}